,Kryterium 1,Kryterium 2
0,1.7512109381553709,0.14910368489921577
1,0.24370266923422879,0.42429307536088223
2,1.8753657557428414,0.019153742810282814
3,0.5381118387270472,1.9378233748805422
4,0.46813818590136136,1.5805929923123923
5,1.5036478374033693,0.22171168027891786
6,1.6562160244076864,1.2069612703124266
7,0.7405753262446491,0.7337183335668176
8,1.0746741972810645,1.7085481398648206
9,1.7043614546354278,1.2516464633898923
